Generated_SMILES,化学合理性(%),新颖性(%),多样性(%),唯一性(%),类药性(%),QED评分,合成可及性(SAS),Lipinski规则满足数
CC(C)CCCC1CN(C)COC2=CC=CC=C2OC3=CC=CC=C31,100.0,99.55849889624724,76.41093862053914,100.0,79.37915742793791,0.716,4.92,3
O=CC1=CC2=CC=C1C(=O)C3=CC=CC=C3C2NCCC4CCCCC4=CC=C,100.0,99.55849889624724,76.41093862053914,100.0,79.37915742793791,0.676,6.263,3
CC1=NC=CC=C1C2=CC=CC=C2COC=CC3=CC=CC=C3F,100.0,99.55849889624724,76.41093862053914,100.0,79.37915742793791,0.589,5.01,3
CCOC(=O)C1CC=C(F)C=C1C=CC=CNC(=O)C2=CC=CC=C2C,100.0,99.55849889624724,76.41093862053914,100.0,79.37915742793791,0.616,4.471,4
CC(C)C=CC1=CC=CC=C1OC(=O)NC2CCCCC23C4C3OCCC4,100.0,99.55849889624724,76.41093862053914,100.0,79.37915742793791,0.795,5.591,3
O=C(NC(=O)C1=C(C)CNC1CC)CC2CCCCC2C=N,100.0,99.55849889624724,76.41093862053914,100.0,79.37915742793791,0.681,4.489,4
C1C=CC=C1C=CC2=CC=CC=C2CNCCC3CCCCC3=C,100.0,99.55849889624724,76.41093862053914,100.0,79.37915742793791,0.494,4.885,3
COC=CC=C1C2=C(O)C=C3C=C(Cl)C(F)=C3C=CC=C2C=C1,100.0,99.55849889624724,76.41093862053914,100.0,79.37915742793791,0.703,4.981,3
CC1=CC=C2C(=C1)NCCC3CCCCC4C3C5=CC=CC=C5C4=C2,100.0,99.55849889624724,76.41093862053914,100.0,79.37915742793791,0.602,6.12,3
CCN(CC)CC(C1)=CC=CC=C1SCCCN(C2)CCCCC2C(C)CC,100.0,99.55849889624724,76.41093862053914,100.0,79.37915742793791,0.369,4.534,3
CCNC(=O)C1=CC=CC=C1C(=O)NC2=CC=CC=C2C3=CC=CC=C3C=CC=C,100.0,99.55849889624724,76.41093862053914,100.0,79.37915742793791,0.514,5.2,3
CC(=O)C=CC1=C(Cl)C=CC2=C1OCCC3(C)C(C)CC3CC2,100.0,99.55849889624724,76.41093862053914,100.0,79.37915742793791,0.685,4.85,3
C1C(C)C=CC=C1CC(=O)NCC2=CC=CC=C2CCC=C,100.0,99.55849889624724,76.41093862053914,100.0,79.37915742793791,0.745,4.216,4
CCCCCC1CCCNC(=O)C2=CC=CC=C2C=N1,100.0,99.55849889624724,76.41093862053914,100.0,79.37915742793791,0.836,4.3,4
CCCC1CCN2C(=O)C3CC4CC=C5C=C4C=C3C25C=C1,100.0,99.55849889624724,76.41093862053914,100.0,79.37915742793791,0.71,6.016,4
CC1C2=CC=C(Cl)C=C2C3=CC=C(Cl)C4=C3C(C)(C)CC4CC1,100.0,99.55849889624724,76.41093862053914,100.0,79.37915742793791,0.469,5.581,3
CC1=CC=CC=C1C(=O)OC2=CC=C3C=C2C(=O)OC4=CC=CC=C4C3C=C,100.0,99.55849889624724,76.41093862053914,100.0,79.37915742793791,0.367,5.52,3
COC1=CC=CC=C1C(=O)NCCCCC2CC=CC=C2CC(C)=CC=CC,100.0,99.55849889624724,76.41093862053914,100.0,79.37915742793791,0.399,4.427,3
COC1=CC=CC=C1C(=O)C2=CC=C(Br)C=C2C3=CC=CC=C3CCCC,100.0,99.55849889624724,76.41093862053914,100.0,79.37915742793791,0.396,4.991,3
CC1=CC=C(Cl)C=C1C(=O)NCC2CC3CCC2CC3CCCCC#C,100.0,99.55849889624724,76.41093862053914,100.0,79.37915742793791,0.488,5.671,3
CC(C)NCCCCCCCC12CCCCC1C(=O)NCCC3CCCCC3=C2,100.0,99.55849889624724,76.41093862053914,100.0,79.37915742793791,0.359,5.167,3
CC=CC=CC(C)C(=O)N1CCCCC12C=C(Cl)CC=C2C3=CC=CC=C3C,100.0,99.55849889624724,76.41093862053914,100.0,79.37915742793791,0.538,5.134,3
CC(=O)NCC1CCCCC1C=CC2=CC=CC=C2C3=CC=CC=C3C=NC=CC#C,100.0,99.55849889624724,76.41093862053914,100.0,79.37915742793791,0.45,5.234,3
C1=C2C(C3)=CC=C(Cl)C=C3CCC2=CC4=CC=C(Cl)C=C4C1,100.0,99.55849889624724,76.41093862053914,100.0,79.37915742793791,0.519,5.553,3
CC1(C)CCCC1CN(C)CCCCN(C2)C3CCCC2C(=O)CC3C,100.0,99.55849889624724,76.41093862053914,100.0,79.37915742793791,0.618,5.071,4
CC=CC=CC=CC1=CC=C(Cl)C=C1C2=CC=CC=C2,100.0,99.55849889624724,76.41093862053914,100.0,79.37915742793791,0.589,4.15,3
COC=CC=CC(NC(=O)C(C)CC1=CC=CC=C1)OC2=CC=CC=C2C=C,100.0,99.55849889624724,76.41093862053914,100.0,79.37915742793791,0.369,4.427,4
C1C=CC=CC1(CCNC(=O)C=CC2=CC=CC=C2C=C)C3=CC=CC=C3C,100.0,99.55849889624724,76.41093862053914,100.0,79.37915742793791,0.631,5.027,3
COC1=CC=CC=C1C(=O)NC2=CC=CC(O)=C2CC3=CC=C(F)C=C3C=C,100.0,99.55849889624724,76.41093862053914,100.0,79.37915742793791,0.634,5.134,3
CC=CC=CC1(NC(=O)C2=CC3=CC=C2N1C=CC4=CC=CC=C4C3)C=C,100.0,99.55849889624724,76.41093862053914,100.0,79.37915742793791,0.633,6.302,4
CC=CC1=CC=C(C)C=C1C=NC2=CC=CC=C2NCCC3CCCCC3C#C,100.0,99.55849889624724,76.41093862053914,100.0,79.37915742793791,0.402,5.167,3
COC=CC=C(Cl)CCC1=CC=CC=C1C(C2=CC=CC=C23)NCCCC3C,100.0,99.55849889624724,76.41093862053914,100.0,79.37915742793791,0.446,5.134,3
CCCCCC(CNC(=O)C=CC(C)C1CC=CC=C1C(=O)N)CCCC,100.0,99.55849889624724,76.41093862053914,100.0,79.37915742793791,0.363,3.902,4
C1OC=CC=C1CCCCCCCCC2OC=CC=C2CC3=CC=CC=C3C,100.0,99.55849889624724,76.41093862053914,100.0,79.37915742793791,0.387,4.92,3
CCNC(=O)C=CC=C(C(=O)NC1=CC=C(Cl)C=C1C)C=CC=CC#C,100.0,99.55849889624724,76.41093862053914,100.0,79.37915742793791,0.435,3.986,4
CCOC(=O)C(C)COC1CC(O)CC2CC=CC=C2C3=CC=CC=C3C1,100.0,99.55849889624724,76.41093862053914,100.0,79.37915742793791,0.798,4.88,4
CCNC(=O)C1=CC=CN=C1CCCCCCC2C(OC)=CC=CCC2=C,100.0,99.55849889624724,76.41093862053914,100.0,79.37915742793791,0.468,4.502,4
CC=C1C=C(C=CC(=O)C(O)C2=CC=C(F)C)C2CC(=O)C1,100.0,99.55849889624724,76.41093862053914,100.0,79.37915742793791,0.809,4.216,4
CC(C)CCCCCCCCC(=O)NCC1=CC=C(C2)CCCCCC2CC1,100.0,99.55849889624724,76.41093862053914,100.0,79.37915742793791,0.365,4.427,3
CC(C)C(=O)N1CCCCC1CC2CC=CC=C2C3=CC=CC=C3C=CC#C,100.0,99.55849889624724,76.41093862053914,100.0,79.37915742793791,0.605,5.027,3
CC=CC=C(C=CC1=CC=C(F)C=C1C2=CC=C(Cl)C=C2)C3=CC=CC=C3,100.0,99.55849889624724,76.41093862053914,100.0,79.37915742793791,0.399,5.102,3
CCOC1=CC=CC=C1NC(=O)C=C2C=C(C)CC=C2C3=CC=CC=C3C=O,100.0,99.55849889624724,76.41093862053914,100.0,79.37915742793791,0.559,5.027,3
C1OC=CC=C1CC=C2C=CCC=CC3=CC=C(Cl)C=C3C2CC=C,100.0,99.55849889624724,76.41093862053914,100.0,79.37915742793791,0.545,4.92,3
CCC1=CC=CC=C1C2=CC=CC=C2OC3=CC=C(Cl)C=C3N4CCCC4C,100.0,99.55849889624724,76.41093862053914,100.0,79.37915742793791,0.45,5.734,3
CC=CC=C(C=CC1=CC2=CC=C1N3CCCCC3CC2)N,100.0,99.55849889624724,76.41093862053914,100.0,79.37915742793791,0.836,5.553,4
CC=NC1=CC=C2C=C1CCN2C(=O)NCCC(=O)C=CC=CC=C,100.0,99.55849889624724,76.41093862053914,100.0,79.37915742793791,0.468,4.56,4
C1COC=CC=C1CC2=CC=CC=C2OC3=CC=CC=C3C=C,100.0,99.55849889624724,76.41093862053914,100.0,79.37915742793791,0.723,4.72,3
CCCCCC1CC2=CC=C1C3=CC=CC=C3C=C2C(=O)NCCC4CC=CC=C4,100.0,99.55849889624724,76.41093862053914,100.0,79.37915742793791,0.488,6.3,3
COC1=CC=CC(Br)=C1C(=O)N2CCNCC3CCNCC3C2=O,100.0,99.55849889624724,76.41093862053914,100.0,79.37915742793791,0.737,5.26,4
COC=CC=C(C1CCN(C2=CC=CC=C2)OC3CC)N(C)CC3CC1,100.0,99.55849889624724,76.41093862053914,100.0,79.37915742793791,0.736,5.071,4
CCC=CC=C(CN1C(=O)C2=CC3=CC4=CC=C3S2C4CC)C1,100.0,99.55849889624724,76.41093862053914,100.0,79.37915742793791,0.802,6.05,4
CC1=CC=C2C=C1NC(=O)C3=CC=CC4=C3N2C=CC5=C(F)C=CC=C54,100.0,99.55849889624724,76.41093862053914,100.0,79.37915742793791,0.419,6.386,3
CCCCCCCCCC1(C)C2(C)C=CC=C2C=C1C3=CC=CC=C3C(=O)O,100.0,99.55849889624724,76.41093862053914,100.0,79.37915742793791,0.43,4.92,3
C1OC=CC=C1CCCNC(=O)CC2CC=CC3=C2CCC=C3C=C,100.0,99.55849889624724,76.41093862053914,100.0,79.37915742793791,0.694,4.92,4
CN(C)CCN1C(=O)C2=CC=C3C=C2C4=CC=CC=C4C=C3CC1,100.0,99.55849889624724,76.41093862053914,100.0,79.37915742793791,0.863,6.21,4
C1C=CC2=CC1(C=CC3=CC=C(Cl)C=C3CCC2C4=CC=CC=C4)C,100.0,99.55849889624724,76.41093862053914,100.0,79.37915742793791,0.522,5.52,3
CC1=CC=CC2=C1C3=CC=CC=C3N4CCCCC5=CC=CC=C5C4C=C2,100.0,99.55849889624724,76.41093862053914,100.0,79.37915742793791,0.442,6.191,3
C1C=CC=C1C(=O)C=CC2=CC=CC=C2CC3=CC=C(F)C=C3C=C,100.0,99.55849889624724,76.41093862053914,100.0,79.37915742793791,0.637,4.92,3
C1C(C)=CC=C1NCC(=O)C2=CC=C(Cl)C=C2C,100.0,99.55849889624724,76.41093862053914,100.0,79.37915742793791,0.838,4.253,4
O=C(O)CC1=CC=C(Cl)C2=C1C3=CC=CC=C3C4=CC=C(Cl)C=C4C2C,100.0,99.55849889624724,76.41093862053914,100.0,79.37915742793791,0.554,5.671,3
CC(C)CCCCCNC(=O)CCC1CC2C3CCC2OC=C3CC1C(C)C,100.0,99.55849889624724,76.41093862053914,100.0,79.37915742793791,0.459,5.027,3
COC=C1C=CC(=O)C2=CC=C(Cl)C=C2C=C1CC=CC=CC(C)C,100.0,99.55849889624724,76.41093862053914,100.0,79.37915742793791,0.467,4.32,3
C1C(C)C2=CC=CC=C2CCN1CC3=CC=C(Cl)C=C3CC,100.0,99.55849889624724,76.41093862053914,100.0,79.37915742793791,0.765,4.953,3
CCC1CCC=C(CC(=O)NC(=O)C=CC2=CC=CCl)C=C2C=C1,100.0,99.55849889624724,76.41093862053914,100.0,79.37915742793791,0.75,4.41,4
CCOC(=O)C=CC=C1C=CC2=CC=CC=C2C(C)CC1=O,100.0,99.55849889624724,76.41093862053914,100.0,79.37915742793791,0.629,4.08,4
COC=CC=C(CNC(=O)C(OC)(C)CCO)C(C1)CCCCCC1,100.0,99.55849889624724,76.41093862053914,100.0,79.37915742793791,0.493,3.72,4
COC1=CC=CC=C1C(=O)C2=CC=CC3=C2OC4=CC=CC=C4C3=O,100.0,99.55849889624724,76.41093862053914,100.0,79.37915742793791,0.417,5.4,4
CC(C)(C)C1CC=CC=C1NCCCCC2CCCOC2C3=CC=CC=C3C,100.0,99.55849889624724,76.41093862053914,100.0,79.37915742793791,0.529,5.027,3
CCCNC(=O)C(C)C1=CC=C2C=C1C=CCC3=CC=CC=C3C2CC,100.0,99.55849889624724,76.41093862053914,100.0,79.37915742793791,0.768,4.955,3
CC=CC=C1C(C2C(O)CCC2C=C1C=CC3=CC=CC=C3C=C)C=C,100.0,99.55849889624724,76.41093862053914,100.0,79.37915742793791,0.652,4.84,3
COC1=CC=CC=C1C2=CC3=C(Cl)C=C2C=CC4=CC=CC=C43,100.0,99.55849889624724,76.41093862053914,100.0,79.37915742793791,0.429,6.05,3
CCCCCC1CCCC2(C3)C=CC=C2C4=CC=CC=C4C3C=C1,100.0,99.55849889624724,76.41093862053914,100.0,79.37915742793791,0.412,5.36,3
CCOC1=CC=CC=C1NCC(=O)C=CO,100.0,99.55849889624724,76.41093862053914,100.0,79.37915742793791,0.57,3.428,4
CCNC(=O)C=CC1=CC=CC=C1NC2CC3C(C)CCC3CC2=O,100.0,99.55849889624724,76.41093862053914,100.0,79.37915742793791,0.805,5.04,4
COC1=CC=C2C=C1C3=CC=CC=C3C2C4CC=CC=C4C5=CC=CC=C5C=CC,100.0,99.55849889624724,76.41093862053914,100.0,79.37915742793791,0.448,6.2,3
CCCN1C(=O)CCC1CCCN(C)NCCN2C=CC(C)C=C2CC=CC=CC,100.0,99.55849889624724,76.41093862053914,100.0,79.37915742793791,0.356,4.8,4
CC(C)CCCCCCC1CCCC2CC3CC2CCCC3C1C4=CC=CC=C4,100.0,99.55849889624724,76.41093862053914,100.0,79.37915742793791,0.386,5.56,3
C1OC2=CC=CC=C2CCN1CC=O,100.0,99.55849889624724,76.41093862053914,100.0,79.37915742793791,0.655,3.974,4
C=CC(N)=CC=C1C=C2C(Cl)C=C1CC3=CC=C(Cl)C=C3CCC2C=C,100.0,99.55849889624724,76.41093862053914,100.0,79.37915742793791,0.383,5.786,3
CCCNC(=O)C=CC1=CC2=CC=C1C3=CC=CC4=C3C2CC=C4C(=O)NC,100.0,99.55849889624724,76.41093862053914,100.0,79.37915742793791,0.783,6.334,4
CC1=CC=C(Cl)C=C1C(=O)NCCCCCC2CCC3CC2CCC3=O,100.0,99.55849889624724,76.41093862053914,100.0,79.37915742793791,0.654,5.071,3
CC(C)C=CC=CNC(=O)C1=CC2=CC=CC3=C2C=C1C=C3CCC,100.0,99.55849889624724,76.41093862053914,100.0,79.37915742793791,0.565,4.92,3
CCCC1CCCC1C2CCNC3=CC=CC=C3C4=C2CCCC4CCCC,100.0,99.55849889624724,76.41093862053914,100.0,79.37915742793791,0.526,5.627,3
CCCNC(=O)CCCCC1C(C)CCCC1C2=CC=CC=C2OC=C(OC)C,100.0,99.55849889624724,76.41093862053914,100.0,79.37915742793791,0.356,4.463,3
COC=CC=CC1=C2C=CC=C1C=C3C=CC(F)C=C3CC2C=C,100.0,99.55849889624724,76.41093862053914,100.0,79.37915742793791,0.39,4.885,3
CC=CC=CC(C(=O)NC12CCCC1CC3=C2C=CC)=C3C=CC#C,100.0,99.55849889624724,76.41093862053914,100.0,79.37915742793791,0.594,4.92,4
CCOC(=O)C=CC1=C(O)C(=O)C2=CC=CC=C2N1C=CC3=CC=CC=C3,100.0,99.55849889624724,76.41093862053914,100.0,79.37915742793791,0.553,4.991,4
C1C=CC=C1C=CC=CC2=CC=CC=C2CC=CC=CO,100.0,99.55849889624724,76.41093862053914,100.0,79.37915742793791,0.551,4.04,3
CCCCC(C)CC1C2CCCCC3CC(C)CCC3CCC2C=C1CCCC,100.0,99.55849889624724,76.41093862053914,100.0,79.37915742793791,0.356,4.96,3
CC(=O)NC=C(C)CC1=C(N)N=C(C2)CC=C3C=C2N1C=C3C=C,100.0,99.55849889624724,76.41093862053914,100.0,79.37915742793791,0.836,5.26,4
CCCCNC(=O)CCCC1CCCCC2CCCCC23C=C1C(F)C=C3,100.0,99.55849889624724,76.41093862053914,100.0,79.37915742793791,0.412,5.102,3
CC=CC1=C(Cl)NC(Cl)=C1C(=O)NCCC2CCCCC2C=C,100.0,99.55849889624724,76.41093862053914,100.0,79.37915742793791,0.653,4.642,3
CC=C1C=C(C=CC=CC=C(C2)N=C(C)CC=C2C)C1=C,100.0,99.55849889624724,76.41093862053914,100.0,79.37915742793791,0.468,4.183,3
CC(C)C(=O)N1CC2=CC=C(F)C=C2C3=CC=CC=C3C1C=C,100.0,99.55849889624724,76.41093862053914,100.0,79.37915742793791,0.735,4.981,4
CCCCCCCCCC1CCCC1C#N,100.0,99.55849889624724,76.41093862053914,100.0,79.37915742793791,0.525,3.428,3
CCC=CC=CCCC(=O)NCC1CCCC2CCCC3C2C=CC=C3C=C1C,100.0,99.55849889624724,76.41093862053914,100.0,79.37915742793791,0.48,5.063,3
CC1=CC=C(CC2=CC=CC3=C2CC4=CC=CC=C4)CC3=C1,100.0,99.55849889624724,76.41093862053914,100.0,79.37915742793791,0.683,5.28,3
O=C(CC1=C2C=CC=C1C=O)NC3CCCCC3CC2CC(C)CCCC,100.0,99.55849889624724,76.41093862053914,100.0,79.37915742793791,0.681,4.991,3
CCOC(=O)C=C1C=C(Cl)CC(=O)OCC(O)C2(C)CCCCC21,100.0,99.55849889624724,76.41093862053914,100.0,79.37915742793791,0.608,4.285,4
CCCCCNCCCCCCCCCC1CCCCC1C(C)=O,100.0,99.55849889624724,76.41093862053914,100.0,79.37915742793791,0.356,3.685,3
CC(C1)(C)C=CC=C1C(=O)NCC2CCCCC2C(=O)N(C)CCCC,100.0,99.55849889624724,76.41093862053914,100.0,79.37915742793791,0.744,4.471,4
CCOC(=O)C(C)(C)CCCC(=O)NC=CC1=CC=C(Cl)C=C1C=C,100.0,99.55849889624724,76.41093862053914,100.0,79.37915742793791,0.639,3.84,4
CC(C)CCNC(=O)NC1CCCCC1CCNC(=O)C2=CC=CC=C2C,100.0,99.55849889624724,76.41093862053914,100.0,79.37915742793791,0.644,4.613,4
C1OC=CC=C1C=CC2=CC=CC=C2,100.0,99.55849889624724,76.41093862053914,100.0,79.37915742793791,0.686,3.76,4
COC1=CC=CC=C1C2=CC=CC=C2NC3CCCOC3C4=CC=CC=C4C=CC=CC,100.0,99.55849889624724,76.41093862053914,100.0,79.37915742793791,0.403,5.774,3
CCOC(=O)C1=C(O)CCCC2CC(C)CCC2C=C1,100.0,99.55849889624724,76.41093862053914,100.0,79.37915742793791,0.772,4.0,4
CNCCNC1=C2C=C3C=C1C(=O)N(OC)C2C=C4C=CC(F)C=C4C3,100.0,99.55849889624724,76.41093862053914,100.0,79.37915742793791,0.798,5.902,4
CCCCCCN1C(=O)C=CC2=CC=CC=C2C3=C1C=CC4=CC=CC=C4C3C=C,100.0,99.55849889624724,76.41093862053914,100.0,79.37915742793791,0.388,5.7,3
CC1CC2NC(C)CC2C=C3C=CC1(C4=CC=CC=C4C)O3,100.0,99.55849889624724,76.41093862053914,100.0,79.37915742793791,0.843,5.416,4
CCCCCCCCC1CCC2CCCCC3C4CCC3CC=C4C=C2C1,100.0,99.55849889624724,76.41093862053914,100.0,79.37915742793791,0.394,5.48,3
CC(C)CCCCC1CCCCC1C(=O)NCC2CCCCC2C=CC#C,100.0,99.55849889624724,76.41093862053914,100.0,79.37915742793791,0.384,4.391,3
CCOC(=O)C1C2=CC3=CC=C2C4=CC=CC=C4C3C=CC=C(OC)C1C,100.0,99.55849889624724,76.41093862053914,100.0,79.37915742793791,0.707,6.08,3
CC=NC1=CC=CC=C1C2(C)CCC=C(Cl)C2NC=CC3=CC=C(Cl)C=C3,100.0,99.55849889624724,76.41093862053914,100.0,79.37915742793791,0.546,5.324,3
CCCNC(=O)N1CCCCC1C2=CC=CC3=C2NCC4CC=CC=C43,100.0,99.55849889624724,76.41093862053914,100.0,79.37915742793791,0.828,5.786,4
CCNC(=O)C=CC1=CC=C(Br)C=C1CCCCC2CCC(C)C=C2C(=O)N,100.0,99.55849889624724,76.41093862053914,100.0,79.37915742793791,0.423,4.641,4
CCNC1=CC=CC=C1C(=O)NC=CC2=CC=CC3=C2C=CO3,100.0,99.55849889624724,76.41093862053914,100.0,79.37915742793791,0.74,4.981,4
CC(C)CNC(=O)C1=CC=CC=C1C2=CC=C(F)C=C2C3=CC=CC=C3C,100.0,99.55849889624724,76.41093862053914,100.0,79.37915742793791,0.606,5.102,3
CC(C)CC1=CC=CC2=C1C3=CC=CC=C3O2,100.0,99.55849889624724,76.41093862053914,100.0,79.37915742793791,0.61,4.48,4
CC1OC(=O)C2=CC=CC=C2C=C1C3CCCCC3C(C)=O,100.0,99.55849889624724,76.41093862053914,100.0,79.37915742793791,0.774,4.68,4
CC1=CC=C(Cl)C=C1CCC2C3CCC4CC3CCC4CC2C5CCCCC5,100.0,99.55849889624724,76.41093862053914,100.0,79.37915742793791,0.478,6.227,3
CCCCC(C)CCC1C2CCCC1C=NC3=CC=CC=C3O2,100.0,99.55849889624724,76.41093862053914,100.0,79.37915742793791,0.615,4.85,3
CC(C)CC1=C2C=CC=C1CC=CC=CCC2CC=NC3=CC=CC(C)=C3,100.0,99.55849889624724,76.41093862053914,100.0,79.37915742793791,0.505,4.991,3
CC1=CC=CC=C1C2=C3N=C(Cl)C=C2NCC4CCCCC4CC3=C,100.0,99.55849889624724,76.41093862053914,100.0,79.37915742793791,0.605,5.76,3
CCCCNC(=O)C1=CC2=CC=C1C(O3)=CC=CC4=C3CC2CC4C,100.0,99.55849889624724,76.41093862053914,100.0,79.37915742793791,0.793,6.12,4
CC(C)CCCCCCCCC1CCC2CC1C3=CC=CC=C3C2=O,100.0,99.55849889624724,76.41093862053914,100.0,79.37915742793791,0.436,4.8,3
CC=C1C=C(C)C=C1NC(=O)CCCC2=CC=CC=C2C3=CC=CC=C3C=CC=C,100.0,99.55849889624724,76.41093862053914,100.0,79.37915742793791,0.49,5.1,3
CCCCCCCNC(=O)CCCCCC1CCCC2C1C3=CC=CC=C3C2=C,100.0,99.55849889624724,76.41093862053914,100.0,79.37915742793791,0.371,5.063,3
CCCCNC(=O)C1=CC=CC=C1C(=O)NCCC2=CC=C(Cl)C=C2NC=CC=C,100.0,99.55849889624724,76.41093862053914,100.0,79.37915742793791,0.352,4.8,4
CNC=CC=CCCCN1CC2C3=CC=CC=C3C1C4=CC=CC=C4C2,100.0,99.55849889624724,76.41093862053914,100.0,79.37915742793791,0.598,6.271,4
CC=CC=C(CCCC12CCCC34CCCC35CC4C=C1)C5C=C2,100.0,99.55849889624724,76.41093862053914,100.0,79.37915742793791,0.468,5.96,3
CCCCC(C)CCCC1CCCC2CC3CCCCC3C=C2CC1=CC=C,100.0,99.55849889624724,76.41093862053914,100.0,79.37915742793791,0.367,4.92,3
O=C(O)C=CC=C(C1=CC2=CC=CC3=C2C=CC=C3C1C=CC)C,100.0,99.55849889624724,76.41093862053914,100.0,79.37915742793791,0.46,4.76,3
CCCCCCCNC(=O)CCC1CC(=O)N2CCCN2C=C1C(C)CC=C,100.0,99.55849889624724,76.41093862053914,100.0,79.37915742793791,0.397,4.641,4
CCCCC1CC2CCC3CCCC3C1C=CC4=CC=CC5=C4C=C2C=C5C,100.0,99.55849889624724,76.41093862053914,100.0,79.37915742793791,0.508,6.12,3
CCC(C1)CN(C)CC=C1C=CC2=CC=CC=C2C(C)CC(C)CCCCC,100.0,99.55849889624724,76.41093862053914,100.0,79.37915742793791,0.375,4.427,3
CC=C(F)C=C(Cl)C=CC1=CC=C2C=C1C(=O)C3=CC=CC=C3C2,100.0,99.55849889624724,76.41093862053914,100.0,79.37915742793791,0.549,5.01,3
COC1=C2C=CC=C1C3=CC=CC=C3C=C2C4=CC=C(Cl)C=C4C(=O)NC,100.0,99.55849889624724,76.41093862053914,100.0,79.37915742793791,0.529,5.702,3
CC1=CC=CC=C1CCCCCNCCCC2C3CCC2CC(OC)=C3C(F)=C,100.0,99.55849889624724,76.41093862053914,100.0,79.37915742793791,0.405,5.167,3
CN(C1)CC=CC=C1C2=CC=C3C=C2NC4CCCCC4CC3CCCCCC,100.0,99.55849889624724,76.41093862053914,100.0,79.37915742793791,0.524,5.767,3
CCCCCCCCC1CC23CCC4C2C=C3C1C(=O)C5=CC=CC=C5C4,100.0,99.55849889624724,76.41093862053914,100.0,79.37915742793791,0.386,6.08,3
COC=CC(COCCC1C2CC3CC1CCC3CC2)=O,100.0,99.55849889624724,76.41093862053914,100.0,79.37915742793791,0.409,4.64,4
CC1=CC=CC=C1NC(=O)C2=CC=CC=C2C=CC=CC3=CC=CC=C3C=O,100.0,99.55849889624724,76.41093862053914,100.0,79.37915742793791,0.443,5.027,3
C1C=CC=C1C=CC2=C3C=CC=C2OCCCCCC3CCCC,100.0,99.55849889624724,76.41093862053914,100.0,79.37915742793791,0.578,4.76,3
CC1=CC=CC=C1C(=O)NCC2CCC34CCC5CC3=C2CC5CCC4CC,100.0,99.55849889624724,76.41093862053914,100.0,79.37915742793791,0.635,6.227,3
CCOC(=O)C=CC1=CC=CC=C1C(=O)NC(C2)CCCC=C2C=C,100.0,99.55849889624724,76.41093862053914,100.0,79.37915742793791,0.628,4.32,4
CC1(C)C(C)CC1(C=CC2=CC=C(Cl)C=C2F)C=C,100.0,99.55849889624724,76.41093862053914,100.0,79.37915742793791,0.619,4.276,3
CC=CC1=C(C2CNC(=O)CCCC3NCCCC3)C=C2C=C(OC)C1,100.0,99.55849889624724,76.41093862053914,100.0,79.37915742793791,0.696,5.071,4
COC=CC=C(NC(=O)C1=CC2=C(Cl)C=C1C3=C)C=CC=C3O2,100.0,99.55849889624724,76.41093862053914,100.0,79.37915742793791,0.736,5.581,4
CC1=CC=CC=C1N2C(=O)C3=C4C=CC=C3NC5=CC=CC=C5C4C=C2O,100.0,99.55849889624724,76.41093862053914,100.0,79.37915742793791,0.628,6.302,3
CCOC(=O)C=CC=CC=C(C1=CC2=CC=C13)CCCCC3=C2C=CC,100.0,99.55849889624724,76.41093862053914,100.0,79.37915742793791,0.372,5.44,3
CC=CC=C(CNC(=O)C=CC1=CC=CC=C1C2=CC=CC=C2)C=CC=C(Cl)C,100.0,99.55849889624724,76.41093862053914,100.0,79.37915742793791,0.386,4.567,3
CC=CC=CC(CCN1C(=O)C2=CC=C(Cl)C=C2)C=C1C3CCCCC3=N,100.0,99.55849889624724,76.41093862053914,100.0,79.37915742793791,0.635,5.213,3
CC1=CC=C(Cl)C=C1NC(=O)COC=CC2=CC=CC=C2CNC(=O)CC,100.0,99.55849889624724,76.41093862053914,100.0,79.37915742793791,0.664,4.613,4
CCCCCCCCC1CCC2CCCC3CCCCC3=C2C=CC(OC)=C1,100.0,99.55849889624724,76.41093862053914,100.0,79.37915742793791,0.381,4.92,3
COC=CC=CC1=C2C=CC3=C1C4=CC=C5N=C4CCC5CC=C3N2,100.0,99.55849889624724,76.41093862053914,100.0,79.37915742793791,0.627,6.24,3
CC=CC=NC1=CC=CC=C1NC(=O)CC2C3C4CCCC5C4C=C2CC5C3,100.0,99.55849889624724,76.41093862053914,100.0,79.37915742793791,0.504,6.334,3
O=C(O)CCCC1C2CCCCN2CCCC3CC=CC(Cl)=C3C=C1,100.0,99.55849889624724,76.41093862053914,100.0,79.37915742793791,0.752,5.04,3
C1C=CC=C1C(=O)N2CCCCC2C=CC=CC=CC=C,100.0,99.55849889624724,76.41093862053914,100.0,79.37915742793791,0.694,4.183,4
CC=CC(C1)=CC=CC=C1N2C=C(C3=CC=CC=C3)C4C2C=CC=C4C,100.0,99.55849889624724,76.41093862053914,100.0,79.37915742793791,0.634,5.555,3
CCC1NC(=O)C=CC=C(N2CCC3=CC=C(Cl)C=C3C2C)C1,100.0,99.55849889624724,76.41093862053914,100.0,79.37915742793791,0.889,5.111,4
CC1=CC=CC=C1CC(=O)N2C(=O)C3=CC=CC=C3C2=O,100.0,99.55849889624724,76.41093862053914,100.0,79.37915742793791,0.793,4.783,4
CC=CC=C(CN1C(=O)C2=CC3=CC=CC=C3C=C1C4)CC=CC=C4C=C2,100.0,99.55849889624724,76.41093862053914,100.0,79.37915742793791,0.643,5.591,3
COC=CC=C(C1=CC(C2=CC=CC=C2)=C1NC(=O)C3=CC=CC=C3)C,100.0,99.55849889624724,76.41093862053914,100.0,79.37915742793791,0.6,4.955,4
C1C(C)CC2CC(C)=CC=C2CC1C3=CC=CC=C3C(=O)NC=CC,100.0,99.55849889624724,76.41093862053914,100.0,79.37915742793791,0.749,4.92,3
CC=CC=C(NC(=O)C1=CC=C(Cl)C=C1C=C)C=CC2=CC=CC=C2C,100.0,99.55849889624724,76.41093862053914,100.0,79.37915742793791,0.608,4.471,3
CC=CC=CC(=O)N1CCCNC=CC2=CC=C(Cl)C=C2S1,100.0,99.55849889624724,76.41093862053914,100.0,79.37915742793791,0.498,4.489,4
CC1=CC=CC=C1CC2CC3CCCCC3CC2C=CC4=CC=C(F)C=C4C#C,100.0,99.55849889624724,76.41093862053914,100.0,79.37915742793791,0.487,5.663,3
CC(C)CC12CCCCC1N3CCC(C)CC3C=C2C4=CC=CC=C4C,100.0,99.55849889624724,76.41093862053914,100.0,79.37915742793791,0.603,5.555,3
C1C=CC2=CC=C(C(=O)C3=CC=CC=C3C21C=CC4=CC=CF)C=C4,100.0,99.55849889624724,76.41093862053914,100.0,79.37915742793791,0.668,6.12,3
O=C(O)CC1=CC=CC=C1OC2=CC=CC(Cl)=C2N3CCC=C(Cl)C3C,100.0,99.55849889624724,76.41093862053914,100.0,79.37915742793791,0.732,5.186,3
CC=CC=C(NC(=O)C=CC1=C(O)C=CC=C1N2CCCCC2)C,100.0,99.55849889624724,76.41093862053914,100.0,79.37915742793791,0.635,4.41,4
COC=CC=C(C(=O)NC(=O)C1CC2=CC=C1C3=CC=CC)C3C2C=CC,100.0,99.55849889624724,76.41093862053914,100.0,79.37915742793791,0.356,5.591,4
CCCC1NC2=C3C=C(Cl)C=C2C=CC4=CC=CC=C4C=C3C=C1,100.0,99.55849889624724,76.41093862053914,100.0,79.37915742793791,0.66,5.61,3
CC(C)C1=CC=C2C=C1NC(=O)C3=CC=CC=C3C2C4=CC=C(Cl)C=C4,100.0,99.55849889624724,76.41093862053914,100.0,79.37915742793791,0.577,5.671,3
CC(C)CCCCCCCCC1C2C=C3C=C1C4=CC=CC=C4N3CCCC2CC,100.0,99.55849889624724,76.41093862053914,100.0,79.37915742793791,0.352,5.7,3
COC1=CC=CC=C1NC(=O)CN(C)CCC2CCCCC2C(C)C=CC=CC=C,100.0,99.55849889624724,76.41093862053914,100.0,79.37915742793791,0.476,4.6,3
CC=CC=C(C=CC1=C2C=C(Cl)C=C1C3=CC=CC=C3)C2=O,100.0,99.55849889624724,76.41093862053914,100.0,79.37915742793791,0.649,4.816,3
COC=CC=C(C(=O)NC1CC2C3NCCC3CC2C4=CC)CN=C4C=C1,100.0,99.55849889624724,76.41093862053914,100.0,79.37915742793791,0.582,5.813,4
CNC=CC=C(CNC(=O)C=NC1=CC=CC=C1N=C2C=CC(Cl)C=C2)C,100.0,99.55849889624724,76.41093862053914,100.0,79.37915742793791,0.425,4.836,4
CCCCNC(=O)CCC1CC2CCC1CC23C(=O)OC4=CC=CC=C4CC3,100.0,99.55849889624724,76.41093862053914,100.0,79.37915742793791,0.442,6.227,4
O=C(CCCCC1NCC2CCCCC2CCC)C1=O,100.0,99.55849889624724,76.41093862053914,100.0,79.37915742793791,0.62,4.15,4
CC=CC=C(CCCN1C(=O)CCC2NCCCC23CCCCC3)C=C1,100.0,99.55849889624724,76.41093862053914,100.0,79.37915742793791,0.759,5.071,3
CCOC(=O)CC1=CC=CC2=C1C3=CC=CC=C3CC2=O,100.0,99.55849889624724,76.41093862053914,100.0,79.37915742793791,0.811,4.64,4
CC(C)CCCC1CCCC2CC3CC4CCC(C)CC4C=C2C=C3C=C1,100.0,99.55849889624724,76.41093862053914,100.0,79.37915742793791,0.471,6.08,3
COC1=CC=C(Cl)C=C1C=CC2=CC=C3C=C2C4=CC=CC=C4C3=O,100.0,99.55849889624724,76.41093862053914,100.0,79.37915742793791,0.443,5.52,3
C1OC=CC=C1C2=CC=C(Cl)C=C2C(C)C(O)C(OC)CCCC,100.0,99.55849889624724,76.41093862053914,100.0,79.37915742793791,0.721,4.285,4
CCOC(=O)C1=CC=C(Cl)C=C1NC(=O)C=CC2=CC=CC=C2C=O,100.0,99.55849889624724,76.41093862053914,100.0,79.37915742793791,0.482,4.44,4
C1OC=CC=C1C=CC2=CC=C(Cl)C=C2C3=CC=C(Br)C=C3C=C,100.0,99.55849889624724,76.41093862053914,100.0,79.37915742793791,0.543,5.01,3
CCCCCCC(C)C1CC=CC=C1CC2NC(=O)CCC3CCCCC3=C2N,100.0,99.55849889624724,76.41093862053914,100.0,79.37915742793791,0.481,5.167,3
CCCCCCCCCCC1CCC2(C)C(C)CCC2C3=CC=CC=C3NC1C,100.0,99.55849889624724,76.41093862053914,100.0,79.37915742793791,0.41,5.063,3
CC(C1C2(C)C=CC=C23)CC1C4CCCCC4C3=O,100.0,99.55849889624724,76.41093862053914,100.0,79.37915742793791,0.636,5.16,4
CC(C)OC1=CC=CC=C1NCCNCCCCNC2CCCCC2C3=CC=CC=C3,100.0,99.55849889624724,76.41093862053914,100.0,79.37915742793791,0.369,5.33,3
CCCNC(=O)C=CC1=CC=CC=C1CCN(CC2=CC=CC=C23)CC=CC=C3O,100.0,99.55849889624724,76.41093862053914,100.0,79.37915742793791,0.658,5.2,4
CCCNC(=O)C=CC=C(OC1)CC=CC=C1C2=CNC(C)(C)C=C2C,100.0,99.55849889624724,76.41093862053914,100.0,79.37915742793791,0.732,4.471,4
C1CCC=CC1(CNC(=O)C2=CC=CC=C2CC=CC=C)C=CC3=CC=CC=C3,100.0,99.55849889624724,76.41093862053914,100.0,79.37915742793791,0.43,5.063,3
CC=CC=C(N1C(=O)C(O)CC2=CC=CCl)C=C2C3C1CCCC3C,100.0,99.55849889624724,76.41093862053914,100.0,79.37915742793791,0.79,5.04,4
CCC=CC=C(C(=O)C1=CC=CC=C1C2=CC=CC=C2CC3=CC=C)C=C3,100.0,99.55849889624724,76.41093862053914,100.0,79.37915742793791,0.565,4.88,3
CCOC(=O)C1=CC=C(Cl)C=C1C=CC2=CC=C(Cl)C=C2CNC(=O)N,100.0,99.55849889624724,76.41093862053914,100.0,79.37915742793791,0.56,4.702,4
CCOC(=O)C=CC=C(S1)C2=NC=C(F)C=C2CCCC3C1C=CC=C3C=C,100.0,99.55849889624724,76.41093862053914,100.0,79.37915742793791,0.502,5.134,3
CC(C)C=CC1(C(=O)NCC2CCCCC2CC1)C3=CC=C(F)C=C3,100.0,99.55849889624724,76.41093862053914,100.0,79.37915742793791,0.77,5.04,4
CC=CC=CC=C(C=CC1=CC=C(Cl)C=C1NC(=O)C2=CC=CC=C2)CC=CC,100.0,99.55849889624724,76.41093862053914,100.0,79.37915742793791,0.356,4.567,3
CC=CC=C(CC=O)CCCC(C)CCCC,100.0,99.55849889624724,76.41093862053914,100.0,79.37915742793791,0.382,2.562,3
CC=CC=C(C(=O)C=CC1=CC=C2C=C1C=CC=C(OC)C2)C=CCC,100.0,99.55849889624724,76.41093862053914,100.0,79.37915742793791,0.458,4.24,3
COC=CC=C(NC(=O)C(C)C1(C)CCCC1C=C)C=C,100.0,99.55849889624724,76.41093862053914,100.0,79.37915742793791,0.437,3.583,4
CC=CC(C)=CC1=CC=CC2=C3C=CC=C2C4=CC=CC=C4C=C3C1,100.0,99.55849889624724,76.41093862053914,100.0,79.37915742793791,0.518,5.4,3
CC1=CC=C2C=C1CC3CCC4CC3=NC5=CC=CC=C5C=C4C2,100.0,99.55849889624724,76.41093862053914,100.0,79.37915742793791,0.593,6.085,3
C1C(C)NC=C1C=CC2=CC=CC=C2CCCC,100.0,99.55849889624724,76.41093862053914,100.0,79.37915742793791,0.81,4.087,4
O=C(O)CCN(C)C=CC=CC1=CC=C(C2)C=C1CC=C2C,100.0,99.55849889624724,76.41093862053914,100.0,79.37915742793791,0.643,4.216,4
COC1=CC=CC(Cl)=C1C2=CC=CC=C2C3=CC=CC=C3C(=O)NC(=O)CC,100.0,99.55849889624724,76.41093862053914,100.0,79.37915742793791,0.635,5.134,3
CC=CC=C(CCCCC1C(C)C=CC=C1C2CC)CC2C3=CC=CC=C3C=C,100.0,99.55849889624724,76.41093862053914,100.0,79.37915742793791,0.485,4.96,3
CCOC(=O)C=CC1=CC=C(Cl)C=C1C(=O)NC2=CC=CC=C2CC=CC=C,100.0,99.55849889624724,76.41093862053914,100.0,79.37915742793791,0.367,4.534,3
CC=CC=C(CCC=C1C=CC(Cl)C=C1C2=CC=CCl)C=C2C(=O)N,100.0,99.55849889624724,76.41093862053914,100.0,79.37915742793791,0.66,4.56,3
CCOC(=O)NC1=CC2=CC3=CC=C2C=C13,100.0,99.55849889624724,76.41093862053914,100.0,79.37915742793791,0.708,5.828,4
CCOC(=O)C(NC1=CC=CC=C1CO)C2=CC=CC=C2C=O,100.0,99.55849889624724,76.41093862053914,100.0,79.37915742793791,0.607,4.25,4
CC=CC=C(C1=CC2=CC=CC3=C2C(O)CCC3C)CC1CC=CC=CC=CC,100.0,99.55849889624724,76.41093862053914,100.0,79.37915742793791,0.499,4.96,3
C1OC=CC=C1C(=O)NCCC(=O)NC2CC=CC=C2C,100.0,99.55849889624724,76.41093862053914,100.0,79.37915742793791,0.802,4.326,4
CC(C1)CC=CC=C1C2=CC=CC=C2C3=CC=CC=C3C4=CC=CC=C4C=C,100.0,99.55849889624724,76.41093862053914,100.0,79.37915742793791,0.44,5.52,3
CCC(C)C(C)C1CCCC2(C)CCCC2C=C1CC3=CC=CC=C3C,100.0,99.55849889624724,76.41093862053914,100.0,79.37915742793791,0.475,4.84,3
O=C(C1=CC=C(CC=C1NC(=O)C2=CC)C)C=C2C3=CC=CC=C3C#C,100.0,99.55849889624724,76.41093862053914,100.0,79.37915742793791,0.623,4.955,4
CC(C)CCCCCCCCCCC1CCC2CCCCC2C1=O,100.0,99.55849889624724,76.41093862053914,100.0,79.37915742793791,0.361,4.16,3
CC=CC=CCC=CC1=CC=CC=C1C(=O)NCC2CCCCC2CCC,100.0,99.55849889624724,76.41093862053914,100.0,79.37915742793791,0.493,4.391,3
O=C(O)C1=CC=CC(O2)C=C1N3C(=O)C=CC4=CC=CC=C4C=C3C=C2,100.0,99.55849889624724,76.41093862053914,100.0,79.37915742793791,0.848,5.555,4
CCCCNC(=O)C(O)C=CC=CC1=CC=C(Cl)C=C1C=CC,100.0,99.55849889624724,76.41093862053914,100.0,79.37915742793791,0.552,3.781,4
CC(C)C1CCCCCC1C2C3(C)CCC=C2C4=CC=CC=C4C3C=C,100.0,99.55849889624724,76.41093862053914,100.0,79.37915742793791,0.389,5.44,3
CC=CC=C(C=CC1=CC=C(Cl)C(F)(F)F)C1C(=O)NC=CC,100.0,99.55849889624724,76.41093862053914,100.0,79.37915742793791,0.77,4.172,4
O=C(O)CC=CC=CNCCC(=O)C1=CC=CC=C1C2=CC=CC=C2C=C,100.0,99.55849889624724,76.41093862053914,100.0,79.37915742793791,0.366,4.391,4
NC(=O)C=C1C=C(C2=CC=C(Br)C=C2CCC1C)CC3CCCCC3CC,100.0,99.55849889624724,76.41093862053914,100.0,79.37915742793791,0.55,5.102,3
CCCC=1NC2=CC=C(Cl)C=C2C=1C3C4CCC5C3COCC5CC4C,100.0,99.55849889624724,76.41093862053914,100.0,79.37915742793791,0.684,6.271,3
CC(C)C(C)CCC1C2CCCCC2C=NC(C)(C)CC=CC1C#C,100.0,99.55849889624724,76.41093862053914,100.0,79.37915742793791,0.406,4.32,3
COC=CC1=C(O)C2=CC=CC=C2C1C(=O)NC3CCCCC3C=C,100.0,99.55849889624724,76.41093862053914,100.0,79.37915742793791,0.628,4.92,4
CC=C(O)C1=CC=CC=C1NCCC2CC3CCCCC3CC2C(C)CCC,100.0,99.55849889624724,76.41093862053914,100.0,79.37915742793791,0.451,5.027,3
CC=CC=CCC=O,100.0,99.55849889624724,76.41093862053914,100.0,79.37915742793791,0.399,2.07,4
CCOC(=O)CCCC12CCCC=C1C3=CC=CC=C3C2C=CC=C(Cl)C=C,100.0,99.55849889624724,76.41093862053914,100.0,79.37915742793791,0.351,5.027,3
CCOC(=O)C1=CC=C(Cl)C=C1C=C(F)CC=CC2=CC=CC=C2C,100.0,99.55849889624724,76.41093862053914,100.0,79.37915742793791,0.571,4.44,3
CC(=O)NCCCN(CCCCC1C2CCCC1N(C)CC)CC2CCC,100.0,99.55849889624724,76.41093862053914,100.0,79.37915742793791,0.644,4.613,4
CCN(CC)CCCCC(=O)NC12CCCCC1CC3=NC=CC=C3C2C=C,100.0,99.55849889624724,76.41093862053914,100.0,79.37915742793791,0.506,5.241,4
COC=C1C=C(CNC(=O)CC2=CC=CC=C2C1)NCCC(=O)NCCCCC,100.0,99.55849889624724,76.41093862053914,100.0,79.37915742793791,0.441,4.67,4
COC=C1C=CC=C(C)C1NC2=CC=CC=C2N3CCCC3CCC=C,100.0,99.55849889624724,76.41093862053914,100.0,79.37915742793791,0.523,5.071,3
CCN(CC)CCCCCCCCC1CCCCC1C=O,100.0,99.55849889624724,76.41093862053914,100.0,79.37915742793791,0.37,3.583,3
CCCCCCCCCCCC1C2C3CCCC2C4=CC=CC=C4N3O1,100.0,99.55849889624724,76.41093862053914,100.0,79.37915742793791,0.419,5.555,3
CCCCCCCCCN1CC=C2C=C1C3=CC=C4C=C3C2C5=CC=CC=C5C4C,100.0,99.55849889624724,76.41093862053914,100.0,79.37915742793791,0.414,6.3,3
COC=CC=C(C=CC1=CC=CC=C1C2CCC3CCCCC3)C2=O,100.0,99.55849889624724,76.41093862053914,100.0,79.37915742793791,0.501,4.8,3
C1C=CC=C1C=CC=C(C)C(C(=O)C=CC=CCC)=CCC,100.0,99.55849889624724,76.41093862053914,100.0,79.37915742793791,0.408,3.48,3
CCCC1CCC2CC(C)(C)C=C2N3C=CC=CC=C3C=C1C,100.0,99.55849889624724,76.41093862053914,100.0,79.37915742793791,0.575,4.85,3
CCNC(=O)C1=CC=C2C=C1C3=CC=CC=C3CC2=O,100.0,99.55849889624724,76.41093862053914,100.0,79.37915742793791,0.907,4.75,4
CCCNC(=O)C1=CC=CC=C1OCCCNC(=O)C=C2C(C)C(C)C=C2C,100.0,99.55849889624724,76.41093862053914,100.0,79.37915742793791,0.502,4.534,4
C12C3=CC=C(C=O)C3C1C2,100.0,99.55849889624724,76.41093862053914,100.0,79.37915742793791,0.492,4.2,4
CC=CC=CC(C(=O)NC1CCCCC12C(=O)N3CCCC)C3C2=O,100.0,99.55849889624724,76.41093862053914,100.0,79.37915742793791,0.615,5.04,4
O=C(O)C1=CC=CC=C1OC=CC2=CC=C(Cl)C=C2C(=O)C3=CC=CC=C3C,100.0,99.55849889624724,76.41093862053914,100.0,79.37915742793791,0.436,5.027,3
CCCN(C1C=CC2=CC=C(C#N)C=C2CC3=CC)C(F)C=C3CC1,100.0,99.55849889624724,76.41093862053914,100.0,79.37915742793791,0.697,5.16,3
O=C(CCC1=NN=C(Cl)C=C1CNC)C2CC3CCC2CC3CC,100.0,99.55849889624724,76.41093862053914,100.0,79.37915742793791,0.813,5.86,4
CC(C)CC1=CC=CC=C1C(=O)NCCCCCC2CCCCC2C3=CC=CC=C3,100.0,99.55849889624724,76.41093862053914,100.0,79.37915742793791,0.418,5.1,3
CCC(C)CC(=O)NCC1=CC=CC=C1C(=O)N2CCCCC2C=CC=CC#C,100.0,99.55849889624724,76.41093862053914,100.0,79.37915742793791,0.524,4.567,4
CCCC1CCCCC1=O,100.0,99.55849889624724,76.41093862053914,100.0,79.37915742793791,0.576,3.0,4
C1C=CC=C1C=CC(O2)=CC=CC=C2OCC3=CC=CC=C3C=CC=CC=C,100.0,99.55849889624724,76.41093862053914,100.0,79.37915742793791,0.475,4.92,3
COC=CC=CC1(O)C=CC2=C1CNC3CCCCC3CC2C4=CC=CC=C4,100.0,99.55849889624724,76.41093862053914,100.0,79.37915742793791,0.593,5.627,4
CCCC(C)CCCC1CCCC2C1C3(C)CCCC3C2=O,100.0,99.55849889624724,76.41093862053914,100.0,79.37915742793791,0.587,4.68,3
CC=CC=CC=CCC1=CC=CO1,100.0,99.55849889624724,76.41093862053914,100.0,79.37915742793791,0.636,3.12,4
C1C=CC=C1NC=CC2=CC=C(Cl)C=C2C=CC=CC=CC=C,100.0,99.55849889624724,76.41093862053914,100.0,79.37915742793791,0.602,4.381,3
CC=CC=C(CNC(=O)C1=CC=CC=C1C(=O)NC)C2CCCC2CC=C,100.0,99.55849889624724,76.41093862053914,100.0,79.37915742793791,0.533,4.502,4
CC(C)CC1=CC=C(Cl)C=C1CC=CC2=C(C=CC=C2NC)C=O,100.0,99.55849889624724,76.41093862053914,100.0,79.37915742793791,0.659,4.41,3
C1COC=CC=C1C=CC2=C(Cl)C=CC=C2C3=CC=CC=C3CCC,100.0,99.55849889624724,76.41093862053914,100.0,79.37915742793791,0.574,4.92,3
C1C(C)CC=CC=C1CC(=O)NCC=CC2=CC=CC=C2C=C,100.0,99.55849889624724,76.41093862053914,100.0,79.37915742793791,0.806,4.25,4
CC(C)C1=NN=C(O2)C3=CC=CC=C3C4=CC=CC=C4CC2=C1,100.0,99.55849889624724,76.41093862053914,100.0,79.37915742793791,0.759,5.581,4
CC=NC=CC=C(O)C1=CC=CC=C1CC(C2)CCCCC2=O,100.0,99.55849889624724,76.41093862053914,100.0,79.37915742793791,0.364,4.25,4
COC=CC=C(C(=O)NCCCN(C12)CCCCC13CCCC)C3CC2C,100.0,99.55849889624724,76.41093862053914,100.0,79.37915742793791,0.577,5.102,4
CC=CC=CC=CC(=O)N1CC(C)CC1C2=C3C=CC=C2C(C)C3C,100.0,99.55849889624724,76.41093862053914,100.0,79.37915742793791,0.525,4.92,3
O=C(O)C=CC=CC=C(O)C=CC=CN1CC2CCC(C)(C)CC2=C1C,100.0,99.55849889624724,76.41093862053914,100.0,79.37915742793791,0.395,4.355,3
CC=CC=C(C=CC=C(C1=CC=CC=C1)C2(C)CCC)CC2CC=O,100.0,99.55849889624724,76.41093862053914,100.0,79.37915742793791,0.539,4.2,3
CCCCCCCCCNC(=O)C1=CC=CC=C1C2(C)C(O)C(O)C=C2CC,100.0,99.55849889624724,76.41093862053914,100.0,79.37915742793791,0.387,4.427,4
COC=CC=C(C(=O)C=C(C1)CCC2CC13CCC2CCCC3)C=C,100.0,99.55849889624724,76.41093862053914,100.0,79.37915742793791,0.353,4.8,3
COC=CC=CC(=O)NC1CCCC2CC=CC=C2CCC1C,100.0,99.55849889624724,76.41093862053914,100.0,79.37915742793791,0.477,4.25,4
CCC1=CC=CC=C1NC(=O)C2=CC=CC=C2C3=CC=CC=C3C4=CC=CC=C4C,100.0,99.55849889624724,76.41093862053914,100.0,79.37915742793791,0.385,5.7,3
CCCCCCC1CC=CC=C1OC2=C3C=CC=C2C4=CC=CC=C43,100.0,99.55849889624724,76.41093862053914,100.0,79.37915742793791,0.418,5.4,3
CC=C1C=C(NC(=O)C=CC2=CC=C(Cl)C=C2CC)C1,100.0,99.55849889624724,76.41093862053914,100.0,79.37915742793791,0.824,4.3,4
CCOC(=O)C1=C(O)CCC2CCCCC2C3=CC=C(F)C=C3CC1,100.0,99.55849889624724,76.41093862053914,100.0,79.37915742793791,0.749,4.92,3
CCC1=CC=C(CC2C(C)CCC2=O)CC1C=CC#C,100.0,99.55849889624724,76.41093862053914,100.0,79.37915742793791,0.688,4.0,4
CC=CC=C(C=CC1=CC=CC=C1C(=O)NC=O)C2=CC=C(F)C=C2C=C,100.0,99.55849889624724,76.41093862053914,100.0,79.37915742793791,0.555,4.502,3
CCN(CC)CCCCCCC1CCCCC1=O,100.0,99.55849889624724,76.41093862053914,100.0,79.37915742793791,0.578,3.487,4
CC=CC1=C(CNC(=O)C=CC2=CC=C(F)C=C2)C1=NC3=CC=CC=C3C,100.0,99.55849889624724,76.41093862053914,100.0,79.37915742793791,0.641,5.213,4
COC=CC=C(CCC1CC2CC3CCC2=O)C13,100.0,99.55849889624724,76.41093862053914,100.0,79.37915742793791,0.697,4.52,4
CCCCCCCCCC1C2CCCC3CC(C)CC3C4=C1C=CC=C4C=C2C,100.0,99.55849889624724,76.41093862053914,100.0,79.37915742793791,0.387,5.56,3
CCNCCCNC(=O)CCCCC12CCCCC3CCCCC3=C1C(=O)C=C2C,100.0,99.55849889624724,76.41093862053914,100.0,79.37915742793791,0.481,5.2,3
C1C=CC=C1CCNC(=O)CCCC(C)CCCCCCCC,100.0,99.55849889624724,76.41093862053914,100.0,79.37915742793791,0.395,3.65,3
C1CC=CC=CC1C(=O)NCCC2=CC=NC=C2C3=CC=CC=C3,100.0,99.55849889624724,76.41093862053914,100.0,79.37915742793791,0.907,5.01,4
CC1=CC=CC=C1C=CC(O2)=CC=CC=C2N3CCCCC3C(C)CCCC,100.0,99.55849889624724,76.41093862053914,100.0,79.37915742793791,0.507,5.027,3
COC=CC=C(NC(=O)C1=CC=C(Cl)C=C1CCC2CCC)CC2C=CC=CC,100.0,99.55849889624724,76.41093862053914,100.0,79.37915742793791,0.42,4.567,3
C1NC=CC=CC1(CNC(=O)C2=CC=CC=C2CCCC)C3=CC=CC=C3C=C,100.0,99.55849889624724,76.41093862053914,100.0,79.37915742793791,0.669,5.167,3
CC(=O)NC=CC1=CC2=CC3=C1CC4CC3CCC4CC2=CC,100.0,99.55849889624724,76.41093862053914,100.0,79.37915742793791,0.846,6.05,4
CC=CC=C(C1CCCC2CCCCC3CCCCC3CC2)C=C1,100.0,99.55849889624724,76.41093862053914,100.0,79.37915742793791,0.487,4.76,3
CCOC1=CC2=CC=C1OC3=CC=C(Cl)C=C3CC2C4=CC=CC=C4C=C,100.0,99.55849889624724,76.41093862053914,100.0,79.37915742793791,0.495,6.191,3
CC=CC=CSC=C1C=C(C2=CC=CC=C2)C=C1C=CC3=CC=CC=C3C=C,100.0,99.55849889624724,76.41093862053914,100.0,79.37915742793791,0.438,4.92,3
CC(C)CC1=CC=CC2=C1C=CC=C2,100.0,99.55849889624724,76.41093862053914,100.0,79.37915742793791,0.66,3.76,4
O=C(CC(=O)N1C=CC=CC2=CC=CC=C2C)C1CC(OC)=C,100.0,99.55849889624724,76.41093862053914,100.0,79.37915742793791,0.46,4.25,4
CCC1C(C2)=C3C=CC=C2C(=O)NC4=CC=CC=C4C=C1C=C3,100.0,99.55849889624724,76.41093862053914,100.0,79.37915742793791,0.793,5.45,4
C1OC=CC2=C1C=CC3=CC=CC=C3C2C4=CC=CC=C4C,100.0,99.55849889624724,76.41093862053914,100.0,79.37915742793791,0.717,5.28,4
COC=CC=C1C2C(=O)NCCC3NC(C)CCC3C2C1=C,100.0,99.55849889624724,76.41093862053914,100.0,79.37915742793791,0.769,4.953,4
COC1=CC=CC2=C1C=CC(Cl)=C2CCCC=CCC(C)CC=C,100.0,99.55849889624724,76.41093862053914,100.0,79.37915742793791,0.352,4.285,3
CCCCCC1C(C2)CC=CC=C2C3=CC4=CC=C3N=C1C5=CC=CC=C5C4,100.0,99.55849889624724,76.41093862053914,100.0,79.37915742793791,0.504,6.227,3
CC=CC=C(CCN1C(=O)C2=CC=CC=C2CC3=CC(C)C)C=C3N1,100.0,99.55849889624724,76.41093862053914,100.0,79.37915742793791,0.86,5.04,4
COC1=CC=C(Cl)C=C1C2=CC=C(F)C=C2C=CC=CC#C,100.0,99.55849889624724,76.41093862053914,100.0,79.37915742793791,0.545,4.353,3
COC=CC=C(CCC1=CC2=CC=C1C(Cl)=C2CC)OC=C,100.0,99.55849889624724,76.41093862053914,100.0,79.37915742793791,0.464,4.816,3
CCOC(=O)C=CCCCNCC1CNCCC1C(C)=O,100.0,99.55849889624724,76.41093862053914,100.0,79.37915742793791,0.381,3.726,4
CCOC(=O)C1=CC=CC=C1C(=O)NC2CCCCC2C(=O)NCCCCCCC,100.0,99.55849889624724,76.41093862053914,100.0,79.37915742793791,0.417,4.6,4
C1C=CC=C1C=CC2=CC=C(Cl)C=C2C3=C(Cl)C=CC=C3,100.0,99.55849889624724,76.41093862053914,100.0,79.37915742793791,0.602,4.926,3
CCN1C(C)=CC=C1C(=O)NC2CCC3CC2CCC3C=CC=CC=CC=C,100.0,99.55849889624724,76.41093862053914,100.0,79.37915742793791,0.616,5.134,3
CC=CC=C(CNC(=O)C1=CC=CC=C1C=CC2=CC=CC=C2C=C)C#C,100.0,99.55849889624724,76.41093862053914,100.0,79.37915742793791,0.405,4.391,3
CC1=CC=CC=C1CCCCC2CCC3CC2=NC4=CC=CC=C43,100.0,99.55849889624724,76.41093862053914,100.0,79.37915742793791,0.567,5.485,3
CC1=NC=CC=C1NC(=O)CCC2=CC3=CC=CC=C3C=C2C4=CC=CC=C4C=C,100.0,99.55849889624724,76.41093862053914,100.0,79.37915742793791,0.411,5.8,3
CNCCCCNC(=O)C1=CC2=CC=C1C3=CC=CC=C3C2C=CC=CC=C(Cl)C,100.0,99.55849889624724,76.41093862053914,100.0,79.37915742793791,0.398,5.9,3
CC=CC=CC(C(=O)NCCCCOCCC1CCCCC1=O)=C,100.0,99.55849889624724,76.41093862053914,100.0,79.37915742793791,0.356,3.685,4
COC=CC=CCNC(=O)C=CC1=CC=CC=C1CC2=CC=CC=C2CC,100.0,99.55849889624724,76.41093862053914,100.0,79.37915742793791,0.4,4.391,4
CC=CC=CC(NCCC1CCCC1C2=CC=C(F)C=C2)C3=CC=CC=C3CC,100.0,99.55849889624724,76.41093862053914,100.0,79.37915742793791,0.449,5.167,3
CCOC(=O)C=CC1=CC=C2C3=C1OCC2CCC4CCCCC4CC3=O,100.0,99.55849889624724,76.41093862053914,100.0,79.37915742793791,0.562,5.48,4
CC(CC)CCN(C=C1C=C(C2=CC=CC=C2C1CC3=C)C=C)C=C3C=C,100.0,99.55849889624724,76.41093862053914,100.0,79.37915742793791,0.529,4.991,3
CC=CC=C(C=CC1=CC2=CC=C1C3=CC=C(Cl)C=C3C2C=CC)CCF,100.0,99.55849889624724,76.41093862053914,100.0,79.37915742793791,0.354,5.702,3
CCOC(=O)C=CC1=CC=C2C=C1NCCC3OC4CCC3C=C24,100.0,99.55849889624724,76.41093862053914,100.0,79.37915742793791,0.681,6.085,4
CC(C)CCCC(C)C1CCNC(=O)C2=CC=CC=C2C1=CC=CC=C,100.0,99.55849889624724,76.41093862053914,100.0,79.37915742793791,0.598,4.355,3
CCCCCCC1CCCC2CCCC3CC4CC3C=C2CC4C=C1,100.0,99.55849889624724,76.41093862053914,100.0,79.37915742793791,0.355,5.4,3
CC(C)CCCCC1CCCC2C1C=CC=CN=C(NC3=CC=CC=C3)N2CCC,100.0,99.55849889624724,76.41093862053914,100.0,79.37915742793791,0.459,5.3,3
COC1=CC=CC=C1C(=O)NC2=CC=C3C=C2CCC4CCCCC4CC3,100.0,99.55849889624724,76.41093862053914,100.0,79.37915742793791,0.767,5.591,3
CCC=CC1=C(C(=O)N(C2)CC=CC=C2C1CN3C)CCCC3=C,100.0,99.55849889624724,76.41093862053914,100.0,79.37915742793791,0.77,5.01,4
CC1=CC=CC=C1C(=O)NC2=CC3=CC=C4C=C3CC5=CC=CC=C5CC4=N2,100.0,99.55849889624724,76.41093862053914,100.0,79.37915742793791,0.705,6.334,4
CCCCCC(C)C1C(C)CC2CCCCC2CCC1C3=CC=CC=C3C=C,100.0,99.55849889624724,76.41093862053914,100.0,79.37915742793791,0.414,4.92,3
CCC(C)CC1=CC=CC=C1C2=CC=CC=C2NC(=O)C(C)C3CCCCC3,100.0,99.55849889624724,76.41093862053914,100.0,79.37915742793791,0.548,5.027,3
COC=CC=C1C(=O)NCC2CCCC3CNC=CC=C3C2C1,100.0,99.55849889624724,76.41093862053914,100.0,79.37915742793791,0.608,4.981,4
CCCNC(=O)C=CC1=CC=CC(=C1)CC2CCCC3C2CCCC3CC=O,100.0,99.55849889624724,76.41093862053914,100.0,79.37915742793791,0.497,5.027,3
CC=C1C=CC(NC(=O)CC2CCC3(C)C=CC=C3C=C2)C=C1,100.0,99.55849889624724,76.41093862053914,100.0,79.37915742793791,0.822,4.85,4
COC=CC=C(C(=O)C=C1C2=CC=CC=C2CCCCCCC1C)C,100.0,99.55849889624724,76.41093862053914,100.0,79.37915742793791,0.389,4.2,3
CC(C)CCNC(=O)C=CC1=CC=CC2=C1NCCCC3CCCCC3C2,100.0,99.55849889624724,76.41093862053914,100.0,79.37915742793791,0.682,5.102,3
CCCCCCCCCC1CCCC2CCCCC2CC1=O,100.0,99.55849889624724,76.41093862053914,100.0,79.37915742793791,0.456,4.08,3
C1COC(=O)CSC2C(=O)NCCC3=CC=CC=C3C2=C1,100.0,99.55849889624724,76.41093862053914,100.0,79.37915742793791,0.743,4.783,4
CCCCCCCCC(C)C(=O)NC1=CC=C(F)C=C1C2=CC=CC=C2C=C,100.0,99.55849889624724,76.41093862053914,100.0,79.37915742793791,0.402,4.534,3
CC(C)CCCC1CCC=2CC1C3=CC=CC=C3C=2OCC(C4)CC=CC=C4,100.0,99.55849889624724,76.41093862053914,100.0,79.37915742793791,0.474,5.52,3
CCCCN1C(=O)CC2=CC3=CC=C2C4=NC=C(Cl)C=C4C3C=C1,100.0,99.55849889624724,76.41093862053914,100.0,79.37915742793791,0.822,6.335,4
CCOC(=O)C1=CC=CC=C1C2=CC=CC=C2C3=CC=CC=C3C=CC=C,100.0,99.55849889624724,76.41093862053914,100.0,79.37915742793791,0.378,4.88,3
CCOC(=O)NCC(C)C1=CC=CC=C1CCN(C2)CCCCC2CCC=C,100.0,99.55849889624724,76.41093862053914,100.0,79.37915742793791,0.566,4.534,3
CC=C1C=C(N2C(=O)C3=CC=C(Cl)C=C3C4C12)CCC4=C,100.0,99.55849889624724,76.41093862053914,100.0,79.37915742793791,0.648,5.526,4
CC(=O)NC1=CC=CC=C1C(=O)NCC2CCCCC2CC=C,100.0,99.55849889624724,76.41093862053914,100.0,79.37915742793791,0.786,4.381,4
O=C(O)C1=CC=CC=C1CC2NC(=O)C3=CC=CC=C3C4=CC=CC=C4C=C2,100.0,99.55849889624724,76.41093862053914,100.0,79.37915742793791,0.718,5.627,4
CCCCCCCC1C2CC=CC=C2CCC3CC=CC=C3NC=C1,100.0,99.55849889624724,76.41093862053914,100.0,79.37915742793791,0.524,4.92,3
CC1=CC=CC=C1C(=O)NC=CC2=CC=CC(=C2)C3=CC=CC=C3C(C)C,100.0,99.55849889624724,76.41093862053914,100.0,79.37915742793791,0.581,4.991,3
CCOC(=O)C=CC=C1CC=CC2=CC=C(Cl)C=C2CCC1C=CC=C,100.0,99.55849889624724,76.41093862053914,100.0,79.37915742793791,0.357,4.355,3
CC=CC=C(C=CC=CC1=CC=CC=C1C2CC3NC=CC=C3C=C2)CC=CC,100.0,99.55849889624724,76.41093862053914,100.0,79.37915742793791,0.389,5.063,3
COC=CC=C(C=C1C2=CC=CC3=C2CCCC4C5CCC4)C3C=C5C1,100.0,99.55849889624724,76.41093862053914,100.0,79.37915742793791,0.449,6.04,3
C1OC=CC=C1CNC(=O)C=CC2=CC=C(Cl)C=C2CC,100.0,99.55849889624724,76.41093862053914,100.0,79.37915742793791,0.846,4.326,4
COC=CC1=CNCCCCC=2CCCCC3C4CCC3CCC4C=2O1,100.0,99.55849889624724,76.41093862053914,100.0,79.37915742793791,0.647,5.555,3
CC(=O)NC1=CC=CC=C1NCC2=CC=CC3=C2C=CC=C3C=CC=C(Cl)C#C,100.0,99.55849889624724,76.41093862053914,100.0,79.37915742793791,0.383,5.27,3
CC=CC=C(C(=O)NCCOC1=CC=CC=C1C)C2=CC=CC=C2C(=O)NC=C,100.0,99.55849889624724,76.41093862053914,100.0,79.37915742793791,0.386,4.567,4
CC=CC=C(C=CC1=CC=CC=C1C2=CC(=O)N3CC=CC4)C3C2CCC4,100.0,99.55849889624724,76.41093862053914,100.0,79.37915742793791,0.603,5.591,3
C1OC=CC=C1C(=O)NCC2CCCCC2NCC,100.0,99.55849889624724,76.41093862053914,100.0,79.37915742793791,0.795,4.276,4
NCCCCCCCCC1CCCC1CC2CCCC3=C2CC4=CC=CC=C4C3=O,100.0,99.55849889624724,76.41093862053914,100.0,79.37915742793791,0.424,5.7,3
CCCCCCCCCC1CCCCC23CCCCC2C4=CC=CC=C4C3=C1C,100.0,99.55849889624724,76.41093862053914,100.0,79.37915742793791,0.386,5.56,3
CC1=CC=CC=C1CC23CCCCC2C4=CC=C(F)C=C4CC3C(C)CCC,100.0,99.55849889624724,76.41093862053914,100.0,79.37915742793791,0.502,5.627,3
COC1=CC=CC=C1CC23CC=CC=C2C(=O)NCCC4(C)C=CC=C4O3,100.0,99.55849889624724,76.41093862053914,100.0,79.37915742793791,0.887,5.591,4
CC1=CC=CC=C1C(=O)NCCC(C)CC2CC2C=CC=CC(O)=C(F)C=C,100.0,99.55849889624724,76.41093862053914,100.0,79.37915742793791,0.395,4.534,3
CC1=CC=CC=C1NC(=O)C2=CC3=C(Cl)C=C2C4CCCCC4C=C3C,100.0,99.55849889624724,76.41093862053914,100.0,79.37915742793791,0.638,6.271,3
C1OC=CC=C1CCNC(=O)C2=CC=CC=C2N=CC=CC=C,100.0,99.55849889624724,76.41093862053914,100.0,79.37915742793791,0.616,4.381,4
CCN(CC)CC1CCN(C)CC1CC2=CC=C(F)C=C2CCCCC#C,100.0,99.55849889624724,76.41093862053914,100.0,79.37915742793791,0.437,4.613,4
CCCCCN(CC(=O)C1=CC=CC=C1C2=CC=C)C=C2C(=O)NCCCCC,100.0,99.55849889624724,76.41093862053914,100.0,79.37915742793791,0.559,4.567,3
C1C=CC1C(=O)NC2CCC3CC2C=CC4=CC=CC=C4O3,100.0,99.55849889624724,76.41093862053914,100.0,79.37915742793791,0.85,5.416,4
C1C=CC=C1C=CC(Br)=CC=CC=CCCCC,100.0,99.55849889624724,76.41093862053914,100.0,79.37915742793791,0.399,3.487,3
CC(C)C(O)C1=CC=CC=C1NC2=CC=CC=C2OC3=CC=CC=C3C=C,100.0,99.55849889624724,76.41093862053914,100.0,79.37915742793791,0.502,4.991,3
CCOC(=O)C1=CC=CC=C1C2=CC=CC=C2C(=O)NC(=O)NCCCCC,100.0,99.55849889624724,76.41093862053914,100.0,79.37915742793791,0.53,4.534,4
CC=CC1=C(C=CC2=C(Cl)C=CC3=C2C1C=CC4=CC=CC=C4)C3C,100.0,99.55849889624724,76.41093862053914,100.0,79.37915742793791,0.554,6.12,3
CCOC(=O)C=C(Cl)CC=CC1=CC=CC=C1CCC=CC,100.0,99.55849889624724,76.41093862053914,100.0,79.37915742793791,0.37,3.616,3
CC=CC1=CC=CC=C1OCCC(O)CC=CC(=O)NCC2(C)C=CC=C2C,100.0,99.55849889624724,76.41093862053914,100.0,79.37915742793791,0.589,4.427,4
CC1=CC=CC=C1C2=CC=C(Cl)C=C2C=CC=C(N)CC3=CC=CC=C3C,100.0,99.55849889624724,76.41093862053914,100.0,79.37915742793791,0.493,5.102,3
CC=CC=C(C=CC=C(O)C1=CC=CC=C1CCC2CCCCC2C)OC,100.0,99.55849889624724,76.41093862053914,100.0,79.37915742793791,0.396,4.28,3
CN(C)C1=NC=CC=C1NC(=O)NCCC2OCCCC2CC=CC=CC=C,100.0,99.55849889624724,76.41093862053914,100.0,79.37915742793791,0.628,4.749,4
CC1=CC=CC=C1C(=O)C=CC2=CC=CC=C2C3=CC=CC=C3C=C,100.0,99.55849889624724,76.41093862053914,100.0,79.37915742793791,0.403,4.8,3
CCOC(=O)C1=C2C=CC=C1C3=CN=C(F)C=C32,100.0,99.55849889624724,76.41093862053914,100.0,79.37915742793791,0.513,4.853,4
CCN(C1=CC=CC=C1)C2=CC=CC=C2C3=CC=CC=C3CC=CC=CC,100.0,99.55849889624724,76.41093862053914,100.0,79.37915742793791,0.406,4.991,3
CC(C)CC1=CC=CC=C1NC(=O)CCC2=CC3=CC=C2C4=CC=CC=C4O3,100.0,99.55849889624724,76.41093862053914,100.0,79.37915742793791,0.436,6.227,3
CC(C)CCCCCCC1CCCCCC2CCCCC2=N1,100.0,99.55849889624724,76.41093862053914,100.0,79.37915742793791,0.451,4.216,3
CCCCCCCCCNC(=O)NCC12CC=CC=C1C3=CC=CC=C3C2C,100.0,99.55849889624724,76.41093862053914,100.0,79.37915742793791,0.467,5.134,3
CC=CC=C(SC(=O)N1C=CC2=CC=CC=C2CC3C1)CCCC3CC,100.0,99.55849889624724,76.41093862053914,100.0,79.37915742793791,0.583,4.955,3
CC=CC(=O)C1=CC=CC=C1NC(=O)C=CC2=C3C=CC4=C2C=CC=C4C3C,100.0,99.55849889624724,76.41093862053914,100.0,79.37915742793791,0.463,6.227,3
CC=CC1=CC=CC(F)=C1C=CC(C)=CC=CC2=CC=CC=C2CC=CC=C,100.0,99.55849889624724,76.41093862053914,100.0,79.37915742793791,0.416,4.427,3
CCOC(=O)SCC(=O)CC1NC(=O)C2=CC=CC3=C2C1CCC3=C,100.0,99.55849889624724,76.41093862053914,100.0,79.37915742793791,0.814,4.92,4
CC=CC1=C(C=CC2=CC=C(F)C=C2CC1C3=CC=CF)C=C3CC=CC,100.0,99.55849889624724,76.41093862053914,100.0,79.37915742793791,0.497,5.102,3
COC=C1C=C(CCC2NC(=O)CCCN3C=CC=C(C)C3C=C2)C=C1,100.0,99.55849889624724,76.41093862053914,100.0,79.37915742793791,0.618,5.071,4
O=CNC(=O)NCCCCCCCCCCCCC,100.0,99.55849889624724,76.41093862053914,100.0,79.37915742793791,0.395,2.971,4
CC=CC=C(C(CN)C(=O)C1=C2C=CC=C1)C3=CC=CC=C3C=C2CC,100.0,99.55849889624724,76.41093862053914,100.0,79.37915742793791,0.814,4.955,3
CCC=NC=C(C(=O)NC1=CC2=CC=CN2C=C1C3=CC=CC=C3)OC,100.0,99.55849889624724,76.41093862053914,100.0,79.37915742793791,0.405,5.186,4
CCOC1=CC=CC=C1C=C2C=CC(Br)C=C2C3=CC=CC=C3C4=CC=CC=C4,100.0,99.55849889624724,76.41093862053914,100.0,79.37915742793791,0.37,5.663,3
C1C=CC=C1NC(=O)CCCCC2CC=CC=C2C=CC=CC=C,100.0,99.55849889624724,76.41093862053914,100.0,79.37915742793791,0.452,4.285,3
CC1=CC=CC2=C1CN3CCCC4C3C(C)CCC4C=C2C,100.0,99.55849889624724,76.41093862053914,100.0,79.37915742793791,0.648,5.416,3
CC1=CC=CC=C1NC(=O)C2=CC=CC=C2C3=CC=CC=C3C=C,100.0,99.55849889624724,76.41093862053914,100.0,79.37915742793791,0.671,4.885,3
COC=CC1=C(CC=CC(C2=CC=CC=C2C1)NC3=CC)CC=C3C=C,100.0,99.55849889624724,76.41093862053914,100.0,79.37915742793791,0.561,4.955,3
CCCCCC(C)CCCC(C)CC1CCC2CCCCC2C1=O,100.0,99.55849889624724,76.41093862053914,100.0,79.37915742793791,0.386,4.16,3
CCC=NC(CN1C(=O)C2=CC3=CC=CC=C3N1)CC4=CC=CC=C4C=C2,100.0,99.55849889624724,76.41093862053914,100.0,79.37915742793791,0.812,5.813,4
COC=CC=C(C(=O)C1=CC=C(Cl)C=C1C2=CC=CC)C2C3=CC=CC=C3,100.0,99.55849889624724,76.41093862053914,100.0,79.37915742793791,0.458,4.991,3
CCOC=CC=CC=C(NC(=O)C1=CC=CC=C1CC2=CC=CC=C2)CC,100.0,99.55849889624724,76.41093862053914,100.0,79.37915742793791,0.479,4.391,3
O=C(C=CC1=CC=C2C=C1CNC3=CC=CC=C3C=C2C=O)OC=CC,100.0,99.55849889624724,76.41093862053914,100.0,79.37915742793791,0.385,4.955,4
CCOC(=O)C=CC1=C2C=CC=C1C3=CC=C(Cl)C=C32,100.0,99.55849889624724,76.41093862053914,100.0,79.37915742793791,0.52,4.75,4
CCCC(C)CCC1CCCCC12C=CC3=CC=CC=C3C=C2CC=CC=C(Cl)C,100.0,99.55849889624724,76.41093862053914,100.0,79.37915742793791,0.365,5.1,3
CC(C)CCCN(CCC1CCC2CCN(C)C3CCCCC3CC2C)C1,100.0,99.55849889624724,76.41093862053914,100.0,79.37915742793791,0.533,5.102,3
CCCCCNC(=O)C1=CC=CC=C1C=CC(F)F,100.0,99.55849889624724,76.41093862053914,100.0,79.37915742793791,0.746,3.834,4
O=C(O)CCCCC1CCC23CC1CCC24CC5CCCCC5C4C3,100.0,99.55849889624724,76.41093862053914,100.0,79.37915742793791,0.617,6.0,3
O=C(O)CCCCCCCCCC1CCCCC2CCCCC3CCCCC3CC2O1,100.0,99.55849889624724,76.41093862053914,100.0,79.37915742793791,0.352,5.04,3
C1OC=CC=C1N2CCCCC3CC=CC=C3CC24CCCCC4=C,100.0,99.55849889624724,76.41093862053914,100.0,79.37915742793791,0.572,5.52,3
COC1=CC=CC=C1NC(=O)CCCCCCC2(C)CCCCC2=O,100.0,99.55849889624724,76.41093862053914,100.0,79.37915742793791,0.632,4.32,3
CC=CC=C(NC1=CC=CC=C1CCNC2=CC=CC=C2CC)CCCC,100.0,99.55849889624724,76.41093862053914,100.0,79.37915742793791,0.422,4.502,3
COC1=CC=CC=C1NC(=O)C2=CC=CC=C2NCCCC3=CC=CC=C3C=C,100.0,99.55849889624724,76.41093862053914,100.0,79.37915742793791,0.468,5.167,3
COC=CC=C(N1C(=O)C2=CC=CC=C2N3CCC)CC3CCC=C1N,100.0,99.55849889624724,76.41093862053914,100.0,79.37915742793791,0.838,5.186,4
CCOC(=O)C=CC1=C(C)CC(=O)NCC2=CC=CC=C2C=C1C=C,100.0,99.55849889624724,76.41093862053914,100.0,79.37915742793791,0.673,4.32,4
C1OC=CC=C1CNC(=O)C=CC(O)=CC=CC=CC=C,100.0,99.55849889624724,76.41093862053914,100.0,79.37915742793791,0.429,3.583,4
CCOC1=CC=CC2=C1CCCC23C(=O)NC4=CC=CC5=C4C=C3CC5=C,100.0,99.55849889624724,76.41093862053914,100.0,79.37915742793791,0.811,6.191,3
CC1=CC=CC=C1C=C2C=C(C3=CC=CC=C3)C4=CC5=CC=CC=C5C4C2,100.0,99.55849889624724,76.41093862053914,100.0,79.37915742793791,0.466,6.08,3
CC1=CC=CC=C1C(=O)CNC2CC3CCC2=CN(C)CCC3CCC,100.0,99.55849889624724,76.41093862053914,100.0,79.37915742793791,0.76,5.671,4
CC(=O)N1C2=CC=CC=C2C=C1C(=O)NC3CCCCC3CCCCC#C,100.0,99.55849889624724,76.41093862053914,100.0,79.37915742793791,0.592,5.102,4
O=C(O)CCCC1CCC2(C)C=C1C(=O)NCC3(C)CCCC3CC2,100.0,99.55849889624724,76.41093862053914,100.0,79.37915742793791,0.797,4.92,4
COC=CC=C1C=CC=NC2=C(O)CC3CCCCC3C2C=C1,100.0,99.55849889624724,76.41093862053914,100.0,79.37915742793791,0.74,4.85,4
CCCCCC(OC)CCCCN1CCC(C2)CNCCCC2C=C1C=CF,100.0,99.55849889624724,76.41093862053914,100.0,79.37915742793791,0.446,4.641,3
C1COC2=CC=CC3=C2C=C(Cl)C=C3C4=C1CCCC4C5=CC=CC=C5C=C,100.0,99.55849889624724,76.41093862053914,100.0,79.37915742793791,0.439,6.227,3
CCCCNC(=O)C=CC1=CC=C2C=C1CC3=CC=C(F)C=C3C2CC,100.0,99.55849889624724,76.41093862053914,100.0,79.37915742793791,0.562,5.071,3
C1OC=CC=C1CCCCCN(C2)CC2=CC=COC,100.0,99.55849889624724,76.41093862053914,100.0,79.37915742793791,0.5,4.15,4
CCCCNC(=O)C1=CC=CC2=C1C=CC=C2C3=CC=CC=C3C4=CC=CC=C4C,100.0,99.55849889624724,76.41093862053914,100.0,79.37915742793791,0.351,5.7,3
C1C=CC=C1CC(C)CCCCC2CCCCC2=O,100.0,99.55849889624724,76.41093862053914,100.0,79.37915742793791,0.574,3.96,3
CCCCCN(C)CC12CCCC(C)C1CCCC3CCCCC3C=C2O,100.0,99.55849889624724,76.41093862053914,100.0,79.37915742793791,0.507,4.991,3
CCOC(=O)C1=CC=CC2=C1C(C3)CN2C=CC4=CC=CC=C4C3C=CC,100.0,99.55849889624724,76.41093862053914,100.0,79.37915742793791,0.535,5.591,3
CC=CC=C(C(=O)NC1=CC=C(C2=CC=CC=C2)CC1)C3=CC=CC=C3C,100.0,99.55849889624724,76.41093862053914,100.0,79.37915742793791,0.53,4.991,3
CCN(CC)CCCN(C)C=CC=CCC(=O)NCC=C(C)C=CC(Cl)=C,100.0,99.55849889624724,76.41093862053914,100.0,79.37915742793791,0.442,3.45,4
CC(=O)NCCCCCCCCC12CCC3C1CCCC3C2=O,100.0,99.55849889624724,76.41093862053914,100.0,79.37915742793791,0.646,4.85,4
CC(C)(C)C1=CC=CC=C1C=O,100.0,99.55849889624724,76.41093862053914,100.0,79.37915742793791,0.58,3.08,4
CC1=CC=CC=C1CCN(C2=CC=CC=C2)C(=O)NC3CCC4CC3CCC4,100.0,99.55849889624724,76.41093862053914,100.0,79.37915742793791,0.711,5.734,3
CCOC(=O)C1=CC2=CC3=C1C4=CC=CC=C4N2CC5=CC=CC=C5C=C3,100.0,99.55849889624724,76.41093862053914,100.0,79.37915742793791,0.556,6.191,3
COC=CC=C(NCCC1C(C)CC2CC=CC=C2C)C1C3CCCCC3,100.0,99.55849889624724,76.41093862053914,100.0,79.37915742793791,0.548,4.991,3
COC=CC1=C(C)C=C(F)C1NC(=O)NC=CC2=CC=CC3=C2C=CC=C3,100.0,99.55849889624724,76.41093862053914,100.0,79.37915742793791,0.747,5.213,4
O=C(CCCNC(=O)C1=CC=C(Cl)C=C1)C=CC2=CC=C(Cl)C=C2C,100.0,99.55849889624724,76.41093862053914,100.0,79.37915742793791,0.54,4.56,3
CC=CC=C(C=CC1=CC2=CC3=CC=C2C1C4=CC=CC)C4O3,100.0,99.55849889624724,76.41093862053914,100.0,79.37915742793791,0.7,5.92,3
CC=CC=C1C=CC(CC(=O)NCCCNC2=CC=CC=C2)C=C1,100.0,99.55849889624724,76.41093862053914,100.0,79.37915742793791,0.703,4.41,4
C1C=CC=C(CC=O)CN=C1CCCC,100.0,99.55849889624724,76.41093862053914,100.0,79.37915742793791,0.634,3.4,4
CC(=O)C=CC1=CC=C2C=C1CCC2C=O,100.0,99.55849889624724,76.41093862053914,100.0,79.37915742793791,0.572,3.84,4
CC1=CC=CC=C1C(=O)NC2=CC=CC=C2CCCO,100.0,99.55849889624724,76.41093862053914,100.0,79.37915742793791,0.876,4.15,4
CCCNC(=O)C1=CC=CC=C1CCCCCCC2CCCC3C2CC3,100.0,99.55849889624724,76.41093862053914,100.0,79.37915742793791,0.501,4.955,3
CCOC(=O)C1=CC=CC=C1C2NCC3CC=CC=C3C2C4=CC=CC=C4C=C,100.0,99.55849889624724,76.41093862053914,100.0,79.37915742793791,0.697,5.663,3
CCCCCCCCCCC1CCCC2CC3CCC2C1C3NC4=CC=CC=C4C,100.0,99.55849889624724,76.41093862053914,100.0,79.37915742793791,0.36,6.3,3
CC=C1C=C(C=CC(=O)OC=CC2=CC=C(Cl)C=C2)CCC=C1,100.0,99.55849889624724,76.41093862053914,100.0,79.37915742793791,0.407,4.25,3
C1OC=CC=C1CCN(C2=CC=CC=C2)C=CC=CC=C,100.0,99.55849889624724,76.41093862053914,100.0,79.37915742793791,0.676,4.183,4
CC=C1C=C(CCCCCC2=CC=C(Cl)C=C2CC)C13OCCCC3,100.0,99.55849889624724,76.41093862053914,100.0,79.37915742793791,0.485,4.92,3
CC(C)CNC(=O)C1=C2C=CC=C1C3=CC=CC=C3CC2C4=CC=CC=C4C,100.0,99.55849889624724,76.41093862053914,100.0,79.37915742793791,0.624,5.627,3
CC(C)CCCCNC(=O)C1=CC2=CC=C1C=C2,100.0,99.55849889624724,76.41093862053914,100.0,79.37915742793791,0.767,4.687,4
O=C(CCC1N(C2=CC=CC=C2C)C=O)OC1C,100.0,99.55849889624724,76.41093862053914,100.0,79.37915742793791,0.606,4.087,4
C1C(C)CC2=C3C=C(Cl)C=C2CC4=CC=CC=C4CC3C=C1,100.0,99.55849889624724,76.41093862053914,100.0,79.37915742793791,0.547,5.416,3
COC(=O)C1=CC=CC=C1OCC(C2)(C)CCCCCC2=O,100.0,99.55849889624724,76.41093862053914,100.0,79.37915742793791,0.794,4.08,4
CCCCCCCCCCCCCN(C1)CC2CCCCC2C1=O,100.0,99.55849889624724,76.41093862053914,100.0,79.37915742793791,0.408,4.285,3
CCCNC(=O)C=CC=CC1=NC=CC=C1C(=O)NCC2CCCCC2C=CC=C,100.0,99.55849889624724,76.41093862053914,100.0,79.37915742793791,0.444,4.7,4
CCCOC1=CC=C2C3=C1NCC4C3C=CC(C)=C4C2C=C,100.0,99.55849889624724,76.41093862053914,100.0,79.37915742793791,0.807,5.416,4
CC1=CC=CC=C1C(=O)NCCC2=CC=CC=C2C(C)=C3CCCCC3C=C,100.0,99.55849889624724,76.41093862053914,100.0,79.37915742793791,0.607,5.027,3
